{
  "project_info": {
    "project_number": "391371892179",
    "firebase_url": "https://fir-demo-ee3e0-default-rtdb.firebaseio.com",
    "project_id": "fir-demo-ee3e0",
    "storage_bucket": "fir-demo-ee3e0.appspot.com"
  },
  "client": [
    {
      "client_info": {
        "mobilesdk_app_id": "1:391371892179:android:09f2bd1aedabaf345efb26",
        "android_client_info": {
          "package_name": "com.example.firebase_connection"
        }
      },
      "oauth_client": [],
      "api_key": [
        {
          "current_key": "AIzaSyCAAJ_8kcxjUSgRiaMnP9kTKqnCgqkH_i8"
        }
      ],
      "services": {
        "appinvite_service": {
          "other_platform_oauth_client": []
        }
      }
    }
  ],
  "configuration_version": "1"
}